{
  "parent": "minecraft:item/generated",
  "textures": {
    "layer0": "amarong:item/amarong_verylongsword"
  },
  "display": {
    "thirdperson_righthand": {
      "rotation": [ 0, -90, 55 ],
      "translation": [ 0, 12, -0.75 ],
      "scale": [ 2.4, 2.4, 1.133333333333333333 ]
    },
    "thirdperson_lefthand": {
      "rotation": [ 0, 90, -55 ],
      "translation": [ 0, 12, -0.75 ],
      "scale": [ 2.4, 2.4, 1.133333333333333333 ]
    },
    "firstperson_righthand": {
      "rotation": [ 0, -90, 25 ],
      "translation": [ 1.13, 4.2, 1.13 ],
      "scale": [ 1.2, 1.2, 0.9066666666666666667 ]
    },
    "firstperson_lefthand": {
      "rotation": [ 0, 90, -25 ],
      "translation": [ 1.13, 4.2, 1.13 ],
      "scale": [ 1.2, 1.2, 0.9066666666666666667 ]
    }
  }
}